"Model","Accuracy","Kappa"
"Multinomial Logistic Regression",0.833333333333333,0.644736842105263
"Random Forest",0.796296296296296,0.569565217391304
